Workbook

Sheet Учёт
A1: № | B1: Пачка | C1: Дизайнер | D1: Email | E1: Телефон | F1: Город | G1: Тема письма (зацепка) | H1: Вариант | I1: Отправлено | J1: Ответ: дата | K1: Ответ: тип | L1: Наш ответ / follow-up: дата | M1: Статус диалога | N1: Заметки
A2: 1 | B2: campaign1 | C2: Ксения Разинкина | D2: razinkina_kseniya@mail.ru | F2: г. Москва | G2: Про «Студия 24 кв. м.» | H2: A | I2: 07.07.2026
A3: 2 | B3: campaign1 | C3: Анна и Дмитрий Коробко | D3: d.a.interiordesign@mail.ru | F3: г Москва | G3: Про «Квартира для молодой семьи 60м.кв.» | H3: B | I3: 07.07.2026
A4: 3 | B4: campaign1 | C4: Дизайн-студия «RiDiS PrO» | D4: studio.ridis@yandex.ru | E4: 79939645908 | F4: г Москва | G4: Про «Гостевой дом в Сочи с дизайном класса люкс» | H4: A | I4: 07.07.2026
A5: 4 | B5: campaign1 | C5: КубКвадрат студия | D5: info@kubkvadrat.ru | E5: 79057115735 | F5: г Москва | G5: Про «Не белый» | H5: B | I5: 07.07.2026
A6: 5 | B6: campaign1 | C6: Александр Липатов | D6: Lh-studio@mail.ru | F6: г Москва | G6: Про «Спальный отсек для близнецов - первооткрывателей дальнего космоса» | H6: A | I6: 07.07.2026 | K6: положительный | M6: диалог | N6: Попросил развёрнутую информацию. Отправлен полный follow-up: материалы, схема работы, презентация v2.
A7: 6 | B7: campaign1 | C7: Полина Уютная | D7: polina_u_1999@mail.ru | F7: г Москва | G7: Про ваш профиль на Флатике | H7: review | I7: 08.07.2026
A8: 7 | B8: campaign1 | C8: Ксения Попова | D8: hello@ksyuschenka.com | E8: 79523558208 | F8: г Москва | G8: Про «Кухня-гостиная в ЖК «Резиденции Сколково»» | H8: B | I8: 08.07.2026
A9: 8 | B9: campaign1 | C9: Евгения Заварзина | D9: zavarzina.evgeniya@yandex.ru | F9: г Москва | G9: Про ваш профиль на Флатике | H9: review | I9: 08.07.2026
A10: 9 | B10: campaign1 | C10: Yurov Interiors | D10: yurov-interiors@mail.ru | E10: 79034356354 | F10: г. Москва | G10: Про «River Sky» | H10: B | I10: 08.07.2026
A11: 10 | B11: campaign2 | C11: Любовь Крыгина | D11: l_krygina_design@mail.ru | F11: г. Москва | G11: Про «Летний сад, 4х комнатная квартира» | H11: A | I11: 08.07.2026
A12: 11 | B12: campaign2 | C12: Ксения Петрова | D12: PEtrovaKS1983@yandex.ru | F12: г Москва | G12: Про «Современная классика с элементами арт-деко» | H12: B | I12: 08.07.2026 | K12: отказ | M12: закрыто | N12: «Есть постоянный партнёр по мебели». Отправлен короткий необязывающий ответ, остаёмся на связи.
A13: 12 | B13: campaign2 | C13: Екатерина Пимкина | D13: pimkinak@bk.ru | F13: г. Москва | G13: Про «Дом на Новой Риге» | H13: A | I13: 08.07.2026
A14: 13 | B14: campaign2 | C14: Ольга Петрова | D14: olia.i.petrova@gmail.com | E14: 9197772519 | F14: г Москва | G14: Про «Мечты о море Франции» | H14: B | I14: 08.07.2026
A15: 14 | B15: campaign2 | C15: Olga Karpova | D15: h.d.studio@mail.ru | F15: г. Москва | G15: Про «Детский центр в Кемпински Гранд Отель Геленджик» | H15: A | I15: 08.07.2026 | N15: Письмо ушло дважды 08.07 (ручные тестовые запуски до файловой блокировки).
A16: 15 | B16: campaign2 | C16: Александра Гартке | D16: aleksandra.gartke@mail.ru | E16: 79690346046 | F16: г. Москва | G16: Про «Квартира в ЖК Сердце Столицы» | H16: B | I16: 09.07.2026
A17: 16 | B17: campaign2 | C17: Светлана Люзина | D17: lyuzina.lyuzina@yandex.ru | F17: г. Москва | G17: Про «Коттедж в посёлке «Павлово»» | H17: A | I17: 09.07.2026
A18: 17 | B18: campaign2 | C18: Наталья Балашова | D18: natalyarch@yandex.ru | E18: 9645051262 | F18: г Москва | G18: Про «ЖК Onyx Deluxe» | H18: B | I18: 09.07.2026
A19: 18 | B19: campaign2 | C19: Игорь Самойлов | D19: archijam@yandex.ru | E19: 79053349990 | F19: г Москва | G19: Про ваш профиль на Флатике | H19: A | I19: 09.07.2026
A20: 19 | B20: campaign2 | C20: УММ5 | Студия современного интерьера | D20: umm2005@mail.ru | E20: 79814643931 | F20: г Москва | G20: Про «Квартира 103м² в ЖК Famous, г. Москва» | H20: B | I20: 09.07.2026
A21: 20 | B21: campaign2 | C21: Студия дизайна и ремонта Katushhha | D21: logvinova-7777@mail.ru | E21: 79967896686 | F21: г. Россия | G21: Про «Дом французская классика» | H21: A | I21: 09.07.2026
A22: 21 | B22: campaign2 | C22: Ирина Бирюкова | D22: limartgroup@mail.ru | E22: 79257555068 | F22: г. Москва | G22: Про «Усадьба Шарапово» | H22: B | I22: 09.07.2026 | K22: деловой запрос | L22: 13.07.2026 | M22: расчёт изделия | N22: «Скиньте работы, стоимость, сроки и условия». 13.07 отправлен ответ по 4 пунктам + презентация v2, предложен расчёт изделия из её проекта.
A23: 22 | B23: campaign2 | C23: Алиса Баронова | D23: baronovaalisa@gmail.com | E23: 79185031519 | F23: г Москва | G23: Про «Роза пустыни» | H23: A | I23: 09.07.2026
A24: 23 | B24: campaign2 | C24: Сузанна Тасалиева | D24: susanna0939@yandex.ru | E24: 79210091675 | F24: г Калининград | G24: Про «Дом в Черняховске» | H24: B | I24: 09.07.2026
A25: 24 | B25: campaign2 | C25: Виктория Ретинская | D25: retinskaya.vika@gmail.com | E25: 79181575449 | F25: г Москва | G25: Про «ЖК Граф Толстой» | H25: A | I25: 09.07.2026
A26: 25 | B26: campaign3 | C26: Татьяна Алякова | D26: tna@alta-design.ru | F26: г. Москва | G26: Про «Домик беседующих стихий» | H26: B | I26: 10.07.2026
A27: 26 | B27: campaign3 | C27: SIMPLE HOME | D27: simple.home.m@yandex.ru | F27: г Москва | G27: Про «Проект ЖК Триумф Палас» | H27: A | I27: 10.07.2026
A28: 27 | B28: campaign3 | C28: Алёна Чекалина | D28: info@des-ign.ru | E28: 79166502951 | F28: г Москва | G28: Про «Модная панелька» | H28: B | I28: 10.07.2026
A29: 28 | B29: campaign3 | C29: Студия интерьера BACARDI | D29: panknat@list.ru | E29: 79165521215 | F29: г Москва | G29: Про «Реализованный проект ЖК Фридом» | H29: A | I29: 10.07.2026
A30: 29 | B30: campaign3 | C30: Виктория Власова | D30: info@victoriavlasova.ru | E30: 79037980940 | F30: г. Москва | G30: Про «Квартира в сталинском доме на Фрунзенской» | H30: B | I30: 10.07.2026
A31: 30 | B31: campaign3 | C31: Марина Терновая | D31: tma704@yandex.ru | E31: 9060502502 | F31: г. Москва | G31: Про «ЖК 2119» | H31: A | I31: 10.07.2026
A32: 31 | B32: campaign3 | C32: мастерская VVERHDNOM | D32: info@vverhdnom.com | E32: 79162989393 | F32: г Москва | G32: Про "Королев, ЖК "Театральный Парк" | H32: A | I32: 10.07.2026
A33: 32 | B33: campaign3 | C33: Ольга Задорожная | D33: olgaglushko25@gmail.com | E33: 9162403584 | F33: г. Москва | G33: Про «ЖК Башни Токио 50м2» | H33: B | I33: 10.07.2026
A34: 33 | B34: campaign3 | C34: Полина Епифанова | D34: pillar79@gmail.com | F34: г. Москва | G34: Про «Завидово» | H34: A | I34: 10.07.2026
A35: 34 | B35: campaign3 | C35: A@A Дизайн-Артель Алина Горда | D35: gorda.art@mail.ru | F35: г. Москва | G35: Про «Ресторан "Мальдивы"» | H35: B | I35: 10.07.2026
A36: 35 | B36: campaign3 | C36: Андрей и Елена Некрасовы | D36: na.design@mail.ru | E36: 79163961676 | F36: г. Москва | G36: Про «ЖК Небо» | H36: A | I36: 10.07.2026
A37: 36 | B37: campaign3 | C37: 4room studio | D37: hello@4room.studio | F37: г. Москва | G37: Про «Дом в Малаховке» | H37: B | I37: 10.07.2026
A38: 37 | B38: campaign3 | C38: Дмитрий Глушков | D38: ab-glushkov@mail.ru | F38: г. Москва | G38: Про «Кабинет для адвоката» | H38: A | I38: 10.07.2026
A39: 38 | B39: campaign3 | C39: VIVENDI DESIGN | D39: vivendistudio@gmail.com | E39: 79265249075 | F39: г Москва | G39: Про «Апартаменты, 126 кв.м.» | H39: B | I39: 10.07.2026
A40: 39 | B40: campaign3 | C40: Елена Лучина | D40: eeluchina@gmail.com | E40: 79104082287 | F40: г. Москва | G40: Про «ЖК Настоящее» | H40: A | I40: 10.07.2026
A41: 40 | B41: campaign4 | C41: Анна Царева | D41: russua.anna@ya.ru | E41: 9207539997 | F41: г Тула | G41: Про «Гостевая комната в неоклассике 15 м2» | H41: B | I41: 13.07.2026
A42: 41 | B42: campaign4 | C42: Олеся Бирюкова | D42: info@line-interior.ru | E42: 79168346076 | F42: г. Москва | G42: Про "ЖК Аквилон" | H42: review | I42: 13.07.2026
A43: 42 | B43: campaign4 | C43: E2ART. Илья и Евгения Емельяновы | D43: e2-art@mail.ru | E43: 79265886443 | F43: г. Москва | G43: Про «ЖК Лефортово парк» | H43: A | I43: 13.07.2026
A44: 43 | B44: campaign4 | C44: Ксения Артамонова (Литвинова) | D44: 2260873@mail.ru | E44: 79262260873 | F44: г. Москва | G44: Про «ЖК "Wine House"» | H44: B | I44: 13.07.2026
A45: 44 | B45: campaign4 | C45: Юлия Савельева | D45: aphex@inbox.ru | E45: 79260713794 | F45: г Красногорск | G45: Про «Чердак для творческих детей» | H45: A | I45: 13.07.2026
A46: 45 | B46: campaign4 | C46: Наталья Астахова | D46: astakhova.nata@list.ru | F46: г Москва | G46: Про «Квартира для семьи с двумя детьми на ВДНХ» | H46: B | I46: 13.07.2026
A47: 46 | B47: campaign4 | C47: Шоколад Design Project | D47: info@shoko.kz | E47: 77773605551 | F47: г Москва | G47: Про «Bearbrick House» | H47: A | I47: 13.07.2026
A48: 47 | B48: campaign4 | C48: Марина Орлова | D48: v_studio@mail.ru | E48: 79088743878 | F48: г Москва | G48: Про «Квартира в ЖК «Ожогина»» | H48: B | I48: 13.07.2026
A49: 48 | B49: campaign4 | C49: Альфия Гущина | D49: alf819@mail.ru | E49: 79539834077 | F49: г. На | G49: Про «ЖК Павелецкая» | H49: A | I49: 13.07.2026
A50: 49 | B50: campaign4 | C50: Ирина Леонова | D50: leones-design@mail.ru | F50: г. Москва | G50: Про «Мастер спальня в КП Новорижский» | H50: B | I50: 13.07.2026
A51: 50 | B51: campaign4 | C51: Зоя Бабушкина | D51: perception1-1@yandex.ru | E51: 9067685558 | F51: г. Москва | G51: Про «Интерьер по Васту с этническим настроением» | H51: A | I51: 13.07.2026
A52: 51 | B52: campaign4 | C52: Ирина Клочко | D52: dizain-online@yandex.ru | E52: 79262534830 | F52: г Москва | G52: Про «Проект Хаусбота в отеле на воде» | H52: B | I52: 13.07.2026
A53: 52 | B53: campaign4 | C53: Дизайн студия 2912 | D53: designstudio@2912.ru | E53: 79123000029 | F53: г. Москва | G53: Про «ЖК RedSide» | H53: A | I53: 13.07.2026
A54: 53 | B54: campaign4 | C54: Александр Юсипов | D54: a-lex79@mail.ru | E54: 79169500985 | F54: г Москва | G54: Про «Квартира в Куркино» | H54: B | I54: 13.07.2026
A55: 54 | B55: campaign4 | C55: Евгения Биркая | D55: birkaya@yandex.ru | E55: 79162104236 | F55: г. Москва | G55: Про «ЖК Царская площадь» | H55: A | I55: 13.07.2026
A56: 55 | B56: campaign4 | C56: Анастасия Ромашова | D56: romashovanastasia@mail.ru | E56: 79159255459 | F56: г Москва | G56: Про «Детская для девочек» | H56: B | I56: 13.07.2026
A57: 56 | B57: campaign5 | C57: Ксения Брус | D57: rainbowlotusdesign@gmail.com | E57: 79165467381 | F57: г Москва | G57: Про «Вилла на побережье Монако» | H57: A
A58: 57 | B58: campaign5 | C58: Елена Гребенщикова | D58: gr.lenk@yandex.ru | E58: 79035477416 | F58: г. Москва | G58: Про «ЖК «Вавилова 4»» | H58: B
A59: 58 | B59: campaign5 | C59: Елена Феттаева | D59: fesstudio@yandex.ru | E59: 9167373837 | F59: г. Москва | G59: Про «Дизайн проект загородного дома» | H59: A
A60: 59 | B60: campaign5 | C60: Лена Воронцова | D60: ev775522@gmail.com | E60: 79253000107 | F60: г Москва | G60: Про «Luxury residence Victoria Park, Fort Lauderdale, FL, USA» | H60: B
A61: 60 | B61: campaign5 | C61: Александра Филатова | D61: info@ai-p.one | E61: 9266003901 | F61: г. Москва | G61: Про «ЖК Сердце Столицы» | H61: A
A62: 61 | B62: campaign5 | C62: Юлия Резник | D62: reznik-yuliya@inbox.ru | E62: 79893616198 | F62: г Москва | G62: Про «ЖК Панорама парк Сосновка» | H62: B
A63: 62 | B63: campaign5 | C63: Сергей Гринцов | D63: sergei.artlabor@gmail.com | E63: 79660560426 | F63: г. Москва | G63: Про «Гостиная двухэтажной квартиры для молодого одинокого мужчины в Москве» | H63: A
A64: 63 | B64: campaign5 | C64: Татьяна Сизова | D64: tatyana858585@inbox.ru | E64: 9032259428 | F64: г Москва | G64: Про «ЖК "Ривер Парк"» | H64: B
A65: 64 | B65: campaign5 | C65: Лариса Паромчик | D65: i@lparomchik.ru | F65: г Москва | G65: Про ваш профиль на Флатике | H65: about
A66: 65 | B66: campaign5 | C66: Алёна Крюкова | D66: alenak-des@yandex.ru | E66: 79853307239 | F66: г Москва | G66: Про «Прайм Парк» | H66: A
A67: 66 | B67: campaign5 | C67: StartDesign Студия дизайна интерьера | D67: 79216321808@mail.ru | E67: 9216321808 | F67: г. Санкт-Петербург | G67: Про «Клубный дом "Идеалист" 100м2» | H67: B
A68: 67 | B68: campaign5 | C68: Яна Ярашева | D68: yanayarasheva@mail.ru | E68: 79933470987 | F68: г. Москва | G68: Про «Победитель конкурса "Лучший проект 2025"» | H68: A
A69: 68 | B69: campaign5 | C69: Валентина Мамонтова | D69: s.well.studio@mail.ru | E69: 79167053728 | F69: г Москва | G69: Про «ЖК Никольская Панорама» | H69: B
A70: 69 | B70: campaign5 | C70: BUREAU BASIS | D70: bureau.basis@yandex.ru | E70: 79137958380 | F70: г Москва | G70: Про ваш профиль на Флатике | H70: about
A71: 70 | B71: campaign5 | C71: Илья Шкода | D71: shkoda-ilya@mail.ru | E71: 79067105988 | F71: г. Звенигорода | G71: Про «Реконструкция дома 800 м2» | H71: A
A72: 71 | B72: campaign5 | C72: Katya Baryshnikova | D72: katysha-74@yandex.ru | E72: 79514455522 | F72: г. Москва | G72: Про «Black mood. Realization» | H72: B
A73: 72 | B73: campaign5 | C73: Андрей Егоров | D73: bestrei@mail.ru | E73: 9209766606 | F73: г Москва | G73: Про «Проект Скандинавия» | H73: A
A74: 73 | B74: campaign5 | C74: Юлия Транова | D74: sur7771@mail.ru | E74: 79806418394 | F74: г. Москва | G74: Про «Дизайн проект частного дома. Таиланд» | H74: B
A75: 74 | B75: campaign5 | C75: Светлана Пахомова | D75: gogen17@mail.ru | E75: 79826533903 | F75: г Екатеринбург | G75: Про «Полный Льюис Кэролл» | H75: A
A76: 75 | B76: campaign5 | C76: Алекандра Спицына | D76: sspitcina@list.ru | F76: г. Москва | G76: Про «Банкетный зал в стиле шале» | H76: B
A77: 76 | B77: campaign5 | C77: Оксана Савчук | D77: savdom13@list.ru | F77: г. Москва | G77: Про «ЖК Искра парк» | H77: A
A78: 77 | B78: campaign5 | C78: PRO Interior Design PROID.studio | D78: notprofile@ya.ru | E78: 79035801914 | F78: г. Москва | G78: Про «Дизайн-проект интерьера в ЖК Летний сад» | H78: B
A79: 78 | B79: campaign6 | C79: Ирина Козлова | D79: boutiqueyh@gmail.com | F79: г. Москва | G79: Про ваш профиль на Флатике | H79: about
A80: 79 | B80: campaign6 | C80: Ольга Амелькина | D80: olam18@yandex.ru | F80: г Москва | G80: Про «ЖК Зиларт» | H80: A
A81: 80 | B81: campaign6 | C81: Студия дизайна интерьеров OD | D81: francyzhenka@inbox.ru | F81: г Москва | G81: Про «Крузенштерна» | H81: B
A82: 81 | B82: campaign6 | C82: Александра Осечкина | D82: estetika.home@yandex.ru | E82: 79684078792 | F82: г Москва | G82: Про «ЖК Сидней Сити» | H82: A
A83: 82 | B83: campaign6 | C83: Жанна Письменская | D83: metry.peremen@gmail.com | E83: 79267165770 | F83: г. Москва | G83: Про «Жилой комплекс "Крылья" (площадь 106 м2)» | H83: B
A84: 83 | B84: campaign6 | C84: Ольга Носова | D84: olgui.nosova@gmail.com | E84: 79104634612 | F84: г. Москва | G84: Про «Апартаменты ЖК "Савеловский сити"» | H84: A
A85: 84 | B85: campaign6 | C85: Александра Благова Дмитрий Катсалидис | D85: katsalidis@gmail.com | E85: 79167786712 | F85: г. Москва | G85: Про «Индивидуальный жилой дом в КП "Мэдисон Парк"» | H85: B
A86: 85 | B86: campaign6 | C86: Надежда Жиленкова | D86: n-deco@mail.ru | F86: г. Москва | G86: Про «Пять оттенков лофта» | H86: A
A87: 86 | B87: campaign6 | C87: Елена Шадрина | D87: shadrinaea@gmail.com | E87: 79169167314 | F87: г. Москва | G87: Про ваш профиль на Флатике | H87: about
A88: 87 | B88: campaign6 | C88: ARH STUDIO PROJECTS | D88: info@studio-arh-a.ru | E88: 9263181945 | F88: г Москва | G88: Про «Дизайн проект детской комнаты» | H88: B
A89: 88 | B89: campaign6 | C89: Вера Подзолко | D89: verart87@mail.ru | F89: г. Москва | G89: Про «Квартира на Веерной, г. Москва» | H89: A
A90: 89 | B90: campaign6 | C90: Кристина Серобян | D90: kristinasero@gmail.com | E90: 79637657895 | F90: г. Москва | G90: Про «Гостевой дом с сауной» | H90: B
A91: 90 | B91: campaign6 | C91: Евгения Ямова | D91: evyaart@gmail.com | F91: г Москва | G91: Про «Банный клуб "Бурдугуз"» | H91: A
A92: 91 | B92: campaign6 | C92: Марина Аскерова | D92: marina-askerova@ya.ru | E92: 9255447014 | F92: г. Москва | G92: Про «Планировочное решение однокомнатной квартиры в ЖК "Видный берег"» | H92: B
A93: 92 | B93: campaign6 | C93: Лидия Вдовина | D93: lidon81@gmail.com | F93: г. Москва | G93: Про «Квартира в ЖК "Прайм-Парк"» | H93: A
A94: 93 | B94: campaign6 | C94: Валентина Новгородова | D94: nvv.design@yandex.ru | F94: г. Москва | G94: Про «Коттедж Ковалево-Родники» | H94: B
A95: 94 | B95: campaign6 | C95: Елена Богатырева | D95: bogatureva-project@mail.ru | E95: 79037871888 | F95: г. Москва | G95: Про ваш профиль на Флатике | H95: about
A96: 95 | B96: campaign6 | C96: GASTELLO Design | D96: gastello_design@mail.ru | E96: 79163939883 | F96: г Москва | G96: Про «ЖК Волынский (пентхаус) (184 м²)» | H96: A
A97: 96 | B97: campaign6 | C97: Ирина Голдоберина | D97: irinagoldoberina@gmail.com | E97: 79019098456 | F97: г. Москва | G97: Про «ЖК "Level Мичуринский"» | H97: B
A98: 97 | B98: campaign6 | C98: Елена Клименко | D98: klimenkoev90@mail.ru | E98: 79163247194 | F98: г. Москва | G98: Про «Квартира в ЖК «Метрополия»» | H98: A
A99: 98 | B99: campaign6 | C99: Рустэм Уразметов | D99: rustem.u@mail.ru | E99: 79264669813 | F99: г. Москва | G99: Про «Саларьево парк» | H99: B
A100: 99 | B100: campaign6 | C100: Андрей Быков | D100: mertvovod@yandex.ru | E100: 79277240328 | F100: г Москва | G100: Про «Проект. Дом в КП Новогорск-Клаб» | H100: A
...

Sheet Сводка
A1: ПО ПАЧКАМ
A2: Пачка | B2: Контактов | C2: Отправлено | D2: Ответов | E2: Статус пачки
A3: campaign1 | B3: =COUNTIF(Учёт!B:B,"campaign1") -> 9 | C3: =COUNTIFS(Учёт!B:B,"campaign1",Учёт!I:I,"<>") -> 9 | D3: =COUNTIFS(Учёт!B:B,"campaign1",Учёт!K:K,"<>") -> 1 | E3: отправлена 07–08.07
A4: campaign2 | B4: =COUNTIF(Учёт!B:B,"campaign2") -> 15 | C4: =COUNTIFS(Учёт!B:B,"campaign2",Учёт!I:I,"<>") -> 15 | D4: =COUNTIFS(Учёт!B:B,"campaign2",Учёт!K:K,"<>") -> 2 | E4: отправлена 08–09.07
A5: campaign3 | B5: =COUNTIF(Учёт!B:B,"campaign3") -> 15 | C5: =COUNTIFS(Учёт!B:B,"campaign3",Учёт!I:I,"<>") -> 15 | D5: =COUNTIFS(Учёт!B:B,"campaign3",Учёт!K:K,"<>") -> 0 | E5: отправлена 10.07
A6: campaign4 | B6: =COUNTIF(Учёт!B:B,"campaign4") -> 16 | C6: =COUNTIFS(Учёт!B:B,"campaign4",Учёт!I:I,"<>") -> 16 | D6: =COUNTIFS(Учёт!B:B,"campaign4",Учёт!K:K,"<>") -> 0 | E6: отправлена 13.07
A7: campaign5 | B7: =COUNTIF(Учёт!B:B,"campaign5") -> 22 | C7: =COUNTIFS(Учёт!B:B,"campaign5",Учёт!I:I,"<>") -> 0 | D7: =COUNTIFS(Учёт!B:B,"campaign5",Учёт!K:K,"<>") -> 0 | E7: тексты в работе
A8: campaign6 | B8: =COUNTIF(Учёт!B:B,"campaign6") -> 59 | C8: =COUNTIFS(Учёт!B:B,"campaign6",Учёт!I:I,"<>") -> 0 | D8: =COUNTIFS(Учёт!B:B,"campaign6",Учёт!K:K,"<>") -> 0 | E8: тексты в работе
A9: ИТОГО | B9: =SUM(B3:B8) -> 136 | C9: =SUM(C3:C8) -> 55 | D9: =SUM(D3:D8) -> 3
A12: ОТВЕТЫ ПО ТИПАМ
A13: Положительных | B13: =COUNTIF(Учёт!K:K,"положительный") -> 1
A14: Деловых запросов | B14: =COUNTIF(Учёт!K:K,"деловой запрос") -> 1
A15: Отказов | B15: =COUNTIF(Учёт!K:K,"отказ") -> 1
A16: Просили не писать | B16: =COUNTIF(Учёт!K:K,"просил(а) не писать") -> 0
A17: Конверсия в ответ (от отправленных) | B17: =IF(C9=0,"",TEXT(D9/C9,"0.0%")) -> 5.5%
A19: КАК ВЕСТИ
A20: • Даты отправки пачек 1–3 взяты из sent_date ваших CSV, пачка 4 — 13.07.2026.
A21: • Жёлтые ячейки заполняются вручную по ходу кампании.
A22: • Тип ответа и статус — из выпадающих списков, иначе сводка не посчитает.
A23: • Зелёная подсветка имени = уже есть ответ (Липатов, Петрова, Бирюкова).
A24: • Хранить рядом с CSV кампании, вне www.
